stringer_id,section,combined_axial_case1_mpa,critical_stress_mpa,ultimate_load_factor_times_abs_stress_case1_mpa,rf_case1,combined_axial_case2_mpa,ultimate_load_factor_times_abs_stress_case2_mpa,rf_case2
1,T-section,-68.22788061746733,113.63310323587444,102.341820926201,1.1103291128444512,-22.448839632476204,33.673259448714305,3.37457986236652
2,T-section,-74.87117329264078,113.63310323587444,112.30675993896116,1.0118100041140368,-24.635270159419008,36.95290523912851,3.075079009364362
3,Omega-section,-73.55172044274082,100.85698607133045,110.32758066411122,0.914159319584704,-24.200766835800444,36.30115025370067,2.7783413298604422
4,T-section,-74.42188124928036,113.63310323587444,111.63282187392053,1.0179183982665336,-24.48712184177191,36.730682762657864,3.093683391897065
5,Omega-section,-73.28694626362604,100.85698607133045,109.93041939543906,0.9174620330386454,-24.113805847891395,36.17070877183709,2.7883607895972116
6,T-section,-74.43191656252255,113.63310323587444,111.64787484378382,1.0177811570069588,-24.490593034077367,36.73588955111605,3.093244906394875
7,Omega-section,-74.42767426372612,100.85698607133045,111.64151139558918,0.9034004001787026,-24.489167658193377,36.733751487290064,2.7456217235592484
8,Omega-section,-76.16816409445289,100.85698607133045,114.25224614167934,0.8827571402514224,-25.06179133715454,37.592687005731804,2.6828884579586627
9,Omega-section,-68.91020450336694,100.85698607133045,103.36530675505041,0.9757334374321159,-22.67360744949399,34.010411174240986,2.965473882530363
