stringer_id,name,area_mm2,second_moment_mm4,radius_of_gyration_mm,slenderness,crippling_cutoff_mpa,transition_slenderness,euler_johnson_critical_mpa,euler_critical_mpa
1,T-section,1265.0,82110.7708168643,8.056655649243401,74.47258839421117,381.41891422091203,58.2854408016979,116.81523938084224,116.81523938084224
2,T-section,1265.0,82110.7708168643,8.056655649243401,74.47258839421117,381.41891422091203,58.2854408016979,116.81523938084224,116.81523938084224
3,Omega-section,1206.38,79038.10244745466,8.094242066274209,74.12676753268646,491.79,51.33001028308949,117.907729441462,117.907729441462
4,T-section,1265.0,82110.7708168643,8.056655649243401,74.47258839421117,381.41891422091203,58.2854408016979,116.81523938084224,116.81523938084224
5,Omega-section,1206.38,79038.10244745466,8.094242066274209,74.12676753268646,491.79,51.33001028308949,117.907729441462,117.907729441462
6,T-section,1265.0,82110.7708168643,8.056655649243401,74.47258839421117,381.41891422091203,58.2854408016979,116.81523938084224,116.81523938084224
7,Omega-section,1206.38,79038.10244745466,8.094242066274209,74.12676753268646,491.79,51.33001028308949,117.907729441462,117.907729441462
8,Omega-section,1206.38,79038.10244745466,8.094242066274209,74.12676753268646,491.79,51.33001028308949,117.907729441462,117.907729441462
9,Omega-section,1206.38,79038.10244745466,8.094242066274209,74.12676753268646,491.79,51.33001028308949,117.907729441462,117.907729441462
