stringer_id,element_ids,volume_mm3,axial_case1,axial_case2
1,"(37, 38, 39)",171000.0,-71.64197031656934,-23.570035934448335
2,"(40, 41, 42)",171000.0,-76.29211680094402,-25.103178024292003
3,"(43, 44, 45)",135828.0,-71.743370056152,-23.605926513672
4,"(46, 47, 48)",171000.0,-74.72078450520833,-24.586044311523334
5,"(49, 50, 51)",135828.0,-71.78422546386734,-23.61993726094533
6,"(52, 53, 54)",171000.0,-74.53813171386734,-24.525620142619
7,"(55, 56, 57)",135828.0,-71.19004058837866,-23.423506418863663
8,"(58, 59, 60)",135828.0,-72.09099578857433,-23.71980158487967
9,"(61, 62, 63)",135828.0,-65.016663869222,-21.39243125915533
